3025;fl.containers.UILoader
2841;core390_fla.warningBox_1378
2832;core390_fla.alertBox_1370
2817;core390_fla.invitation_1365
2803;core390_fla.dialogueBox_1357
2802;core390_fla.pleaseWait_1363
2786;core390_fla.hand_1354
2714;core390_fla.stickerArea_641
2663;core390_fla.wallmessagesmc_615
2548;core390_fla.sidebtnsflipout_549
2523;core390_fla.lottoResults_521
2502;core390_fla.weevilProfile_467
2487;core390_fla.tycoonBusinessIcons_513
2482;core390_fla.stars_512
2481;core390_fla.tycoonPanelLower_510
2407;core390_fla.weevilProfile_mask_475
2403;core390_fla.weevilPic_mask_474
2359;core390_fla.controlTab_450
2286;core390_fla.star_rating_411
2280;core390_fla.lists_382
2266;core390_fla.actionIconscopy_273
2018;core390_fla.actionIcons_246
1982;core390_fla.actionBtn_bg_clrs_245
1964;core390_fla.myStuffShake_234
1926;core390_fla.mouthIcons_213
1855;core390_fla.tableticon4_186
1761;core390_fla.actionsBtn_134
1744;core390_fla.energyBar_bg_135
1699;core390_fla.levelBar_110
1685;core390_fla.petProfile_3
1568;core390_fla.petCommands_34
1567;core390_fla.petcommandmc_48
1558;core390_fla.Unlockeding_Anim_52
1435;fl.containers.ScrollPane
1434;ScrollPane_upSkin
1433;ScrollPane_disabledSkin
1431;fl.controls.UIScrollBar
1430;apparelHolderSet
1428;core390_fla.apparalItemBG_473
1425;emojii_1
1423;core390_fla.eye_647
1416;emojii_2
1411;emojii_3
1405;emojii_4
1399;emojii_5
1393;emojii_7
1387;emojii_6
1377;emojii_8
1370;emojii_9
1364;emojii_10
1358;emojii_11
1353;emojii_12
1346;emojii_13
1341;emojii_14
1332;emojii_15
1326;emojii_16
1321;emojii_17
1315;emojii_18
1310;emojii_19
1303;emojii_20
1296;emojii_21
1291;emojii_22
1285;emojii_23
1279;emojii_24
1273;emojii_25
1266;emojii_26
1260;emojii_27
1254;emojii_28
1249;emojii_29
1244;emojii_30
1237;emojii_31
1231;emojii_32
1226;emojii_33
1221;emojii_34
1213;emojii_35
1207;emojii_36
1200;emojii_37
1193;emojii_37b
1186;emojii_37c
1179;emojii_38
1174;emojii_39
1166;emojii_40
1159;phrase_dosh
1153;phrase_lol
1151;phrase_bintastic2
1142;phrase_awesome
1131;phrase_meet_me_at
1094;phrase_hello
1084;phrase_good_luck
1079;phrase_bye
1077;phrase_cool
1074;phrase_bintastic
1061;phrase_great
1051;phrase_best_bin_buddy
1044;phrase_hi
1036;phrase_thank_you
1020;phrase_yes
1018;phrase_see_ya
1008;phrase_wow
1005;phrase_whats_up
990;phrase_no
987;phrase_sws_agent
974;phrase_super
967;phrase_mulch
956;phrase_youre_the_best
939;phrase_weevily_wow
924;phrase_see_you_in_the_binscape
901;phrase_yolo
892;clott_stress_out
876;clott_chilling_out
855;clott_confused
847;clott_angry
832;clott_super_happy
821;clott_sleeping
808;clott_dizzy
791;clott_laughing
774;clott_shocked
763;clott_eating
725;xmas_celeb_bin_pet
701;xmas_celeb_bing
681;xmas_celeb_posh_bunty
602;xmas_emojii_1
595;xmas_emojii_11
589;xmas_emojii_14
578;xmas_emojii_29
562;xmas_phrase_happy_holidays
545;xmas_phrase_happy_new_year
526;xmas_phrase_its_snowing
506;xmas_phrase_jingle_bells
484;xmas_things_pile_of_presents
473;xmas_things_present
460;xmas_things_present_002
444;xmas_things_snowflake
438;xmas_things_xmas_tree
379;xmas_celeb_tink_clott
376;BinZone
355;fl.controls.Button
354;Button_upSkin
352;Button_selectedUpSkin
350;Button_selectedOverSkin
348;Button_selectedDownSkin
346;Button_selectedDisabledSkin
344;Button_overSkin
342;Button_emphasizedSkin
340;Button_downSkin
338;Button_disabledSkin
336;jugglingTricksEightBalls
331;jugglingTricksFiveBalls
323;jugglingTricksFourBalls
318;jugglingTricksNineBalls
310;jugglingTricksOneBall
305;jugglingTricksSevenBalls
300;jugglingTricksSixBalls
295;jugglingTricksThreeBalls
287;jugglingTricksThreeBallsElite
279;jugglingTricksTwoBalls
276;core390_fla.levelandbar_1491
261;core390_fla.petCommands_EnergyStatusBar_50
228;fl.controls.List
227;List_skin
225;buddyMessagesBuddyListItem
191;buddyMessagesBuddyListConversationItem
179;buddymessage
170;msgteaser
169;newSticker
159;newsitemholder
150;core390_fla.loadingtwirly_1569
147;PetSkillAnimMC
144;fl.controls.TileList
143;TileList_skin
141;fl.controls.listClasses.CellRenderer
140;CellRenderer_selectedUpSkin
138;CellRenderer_selectedOverSkin
136;CellRenderer_selectedDownSkin
134;CellRenderer_selectedDisabledSkin
132;CellRenderer_overSkin
130;CellRenderer_downSkin
128;CellRenderer_disabledSkin
126;CellRenderer_upSkin
124;fl.controls.ScrollBar
123;ScrollBar_thumbIcon
122;ScrollArrowUp_disabledSkin
121;ScrollArrowDown_disabledSkin
119;ScrollArrowDown_upSkin
117;ScrollThumb_upSkin
115;ScrollArrowUp_upSkin
113;ScrollArrowUp_overSkin
112;ScrollThumb_overSkin
111;ScrollArrowDown_overSkin
110;ScrollThumb_downSkin
108;ScrollArrowDown_downSkin
106;ScrollArrowUp_downSkin
104;focusRectSkin
103;ScrollTrack_skin
101;fl.core.ComponentShim
98;ListItem
94;TicketResult_mc
40;trickIconSpr
28;buddyNewsWallItem
14;XPAnim
7;button_down_pop
6;CashRegister
5;ting
4;gong
3;tada
2;toc
1;wrong
0;com.binweevils.LoginToBin
